layer_index,total_layers,layer,in_channels,out_channels,kernel_size,ratio,masked_filters,baseline_mAP50,trial_mAP50,mAP50_drop,baseline_mAP50_95,trial_mAP50_95,mAP50_95_drop
1,86,model.0.conv,3,16,3x3,0.1,2,0.7760911174721754,0.731597077077342,0.0444940403948334,0.6232067576989172,0.5716278319035528,0.05157892579536438
2,86,model.1.conv,16,32,3x3,0.1,3,0.7760911174721754,0.7050064220091166,0.07108469546305884,0.6232067576989172,0.5593368097636029,0.06386994793531431
3,86,model.2.cv1.conv,32,32,1x1,0.1,3,0.7760911174721754,0.7256143013255241,0.05047681614665134,0.6232067576989172,0.5779026859943003,0.04530407170461692
4,86,model.2.cv2.conv,48,64,1x1,0.1,6,0.7760911174721754,0.5361562601680514,0.239934857304124,0.6232067576989172,0.4239100473990365,0.19929671029988072
5,86,model.2.m.0.cv2.conv,8,16,3x3,0.1,2,0.7760911174721754,0.7824414528310651,-0.006350335358889736,0.6232067576989172,0.6247258799242208,-0.001519122225303593
6,86,model.3.conv,64,64,3x3,0.1,6,0.7760911174721754,0.6147175605096404,0.16137355696253497,0.6232067576989172,0.4477949005859773,0.17541185711293988
7,86,model.4.cv1.conv,64,64,1x1,0.1,6,0.7760911174721754,0.18005651443458523,0.5960346030375901,0.6232067576989172,0.13154519180765578,0.4916615658912614
8,86,model.4.cv2.conv,96,128,1x1,0.1,13,0.7760911174721754,0.0091625,0.7669286174721754,0.6232067576989172,0.00675375,0.6164530076989172
9,86,model.4.m.0.cv1.conv,32,16,3x3,0.1,2,0.7760911174721754,0.7494210121316062,0.02667010534056924,0.6232067576989172,0.5842411623994243,0.03896559529949295
10,86,model.4.m.0.cv2.conv,16,32,3x3,0.1,3,0.7760911174721754,0.7712646470194101,0.004826470452765297,0.6232067576989172,0.6237052720023061,-0.000498514303388875
11,86,model.5.conv,128,128,3x3,0.1,13,0.7760911174721754,0.7865408601563827,-0.010449742684207286,0.6232067576989172,0.6318556336012391,-0.008648875902321884
12,86,model.6.cv1.conv,128,128,1x1,0.1,13,0.7760911174721754,0.7034718373452143,0.07261928012696106,0.6232067576989172,0.551980987161582,0.07122577053733525
13,86,model.6.cv2.conv,192,128,1x1,0.1,13,0.7760911174721754,0.7142926776389755,0.06179843983319988,0.6232067576989172,0.5508070564562274,0.0723997012426898
14,86,model.6.m.0.cv1.conv,64,32,1x1,0.1,3,0.7760911174721754,0.7719959024599766,0.004095215012198783,0.6232067576989172,0.613109877766747,0.010096879932170233
15,86,model.6.m.0.cv2.conv,64,32,1x1,0.1,3,0.7760911174721754,0.7707831191044233,0.005307998367752087,0.6232067576989172,0.6223442468731156,0.0008625108258015768
16,86,model.6.m.0.cv3.conv,64,64,1x1,0.1,6,0.7760911174721754,0.7459996689650318,0.030091448507143626,0.6232067576989172,0.5958714135755845,0.027335344123332717
17,86,model.6.m.0.m.0.cv1.conv,32,32,3x3,0.1,3,0.7760911174721754,0.754143414190976,0.021947703281199438,0.6232067576989172,0.6140345943408448,0.00917216335807236
18,86,model.6.m.0.m.0.cv2.conv,32,32,3x3,0.1,3,0.7760911174721754,0.77076279009155,0.005328327380625386,0.6232067576989172,0.621577286800813,0.0016294708981041683
19,86,model.6.m.0.m.1.cv1.conv,32,32,3x3,0.1,3,0.7760911174721754,0.7884239127026825,-0.012332795230507121,0.6232067576989172,0.6274093788794758,-0.004202621180558586
20,86,model.6.m.0.m.1.cv2.conv,32,32,3x3,0.1,3,0.7760911174721754,0.7848890408785956,-0.00879792340642016,0.6232067576989172,0.6276360500343106,-0.004429292335393353
21,86,model.7.conv,128,256,3x3,0.1,26,0.7760911174721754,0.7361716411414447,0.039919476330730674,0.6232067576989172,0.6027224583608107,0.02048429933810647
22,86,model.8.cv1.conv,256,256,1x1,0.1,26,0.7760911174721754,0.7505782887873711,0.025512828684804312,0.6232067576989172,0.582725913709618,0.04048084398929919
23,86,model.8.cv2.conv,384,256,1x1,0.1,26,0.7760911174721754,0.7560095322082168,0.020081585263958646,0.6232067576989172,0.5605368231149678,0.06266993458394943
24,86,model.8.m.0.cv1.conv,128,64,1x1,0.1,6,0.7760911174721754,0.7718271747663396,0.004263942705835855,0.6232067576989172,0.5934629473382701,0.029743810360647105
25,86,model.8.m.0.cv2.conv,128,64,1x1,0.1,6,0.7760911174721754,0.7744978074911373,0.0015933099810381268,0.6232067576989172,0.6262386037875399,-0.003031846088622725
26,86,model.8.m.0.cv3.conv,128,128,1x1,0.1,13,0.7760911174721754,0.7603725545898004,0.015718562882375053,0.6232067576989172,0.5865613812832574,0.03664537641565979
27,86,model.8.m.0.m.0.cv1.conv,64,64,3x3,0.1,6,0.7760911174721754,0.7761888297015637,-9.771222938825819e-05,0.6232067576989172,0.6224376409766769,0.0007691167222403372
28,86,model.8.m.0.m.0.cv2.conv,64,64,3x3,0.1,6,0.7760911174721754,0.7871096581484427,-0.011018540676267286,0.6232067576989172,0.6392856254712593,-0.01607886777234213
29,86,model.8.m.0.m.1.cv1.conv,64,64,3x3,0.1,6,0.7760911174721754,0.7875358944888575,-0.011444777016682117,0.6232067576989172,0.6252429087654379,-0.002036151066520664
30,86,model.8.m.0.m.1.cv2.conv,64,64,3x3,0.1,6,0.7760911174721754,0.749241922937163,0.026849194535012444,0.6232067576989172,0.5891118592077634,0.03409489849115377
31,86,model.9.cv1.conv,256,128,1x1,0.1,13,0.7760911174721754,0.7317725829248317,0.04431853454734369,0.6232067576989172,0.5601629651435647,0.06304379255535253
32,86,model.9.cv2.conv,512,256,1x1,0.1,26,0.7760911174721754,0.6574877079957944,0.11860340947638104,0.6232067576989172,0.4531096205114682,0.170097137187449
33,86,model.10.cv1.conv,256,256,1x1,0.1,26,0.7760911174721754,0.7465868226909665,0.029504294781208862,0.6232067576989172,0.5636317086771809,0.05957504902173627
34,86,model.10.cv2.conv,256,256,1x1,0.1,26,0.7760911174721754,0.7640049094894185,0.012086207982756947,0.6232067576989172,0.5724194280109414,0.050787329687975835
35,86,model.10.m.0.attn.qkv.conv,128,256,1x1,0.1,26,0.7760911174721754,0.7874771957198066,-0.01138607824763116,0.6232067576989172,0.6231354053779153,7.135232100186073e-05
36,86,model.10.m.0.attn.proj.conv,128,128,1x1,0.1,13,0.7760911174721754,0.7891230442888961,-0.013031926816720718,0.6232067576989172,0.6332643060519509,-0.01005754835303374
37,86,model.10.m.0.attn.pe.conv,128,128,3x3,0.1,13,0.7760911174721754,0.7797424232892496,-0.0036513058170741797,0.6232067576989172,0.6322749424262638,-0.009068184727346607
38,86,model.10.m.0.ffn.0.conv,128,256,1x1,0.1,26,0.7760911174721754,0.791893482302418,-0.015802364830242555,0.6232067576989172,0.641323589711008,-0.0181168320120908
39,86,model.10.m.0.ffn.1.conv,256,128,1x1,0.1,13,0.7760911174721754,0.7809458867029289,-0.004854769230753453,0.6232067576989172,0.6270148436812206,-0.003808085982303422
40,86,model.13.cv1.conv,384,128,1x1,0.1,13,0.7760911174721754,0.7728934427670804,0.0031976747050950216,0.6232067576989172,0.6127722192262435,0.010434538472673727
41,86,model.13.cv2.conv,192,128,1x1,0.1,13,0.7760911174721754,0.765102566756878,0.010988550715297363,0.6232067576989172,0.5699611252276388,0.05324563247127845
42,86,model.13.m.0.cv1.conv,64,32,3x3,0.1,3,0.7760911174721754,0.7671258227895323,0.008965294682643066,0.6232067576989172,0.5925616904698305,0.030645067229086664
43,86,model.13.m.0.cv2.conv,32,64,3x3,0.1,6,0.7760911174721754,0.776054743932655,3.6373539520462295e-05,0.6232067576989172,0.6274031984094179,-0.004196440710500737
44,86,model.16.cv1.conv,256,64,1x1,0.1,6,0.7760911174721754,0.7403691231386772,0.03572199433349821,0.6232067576989172,0.6151986448062801,0.008008112892637143
45,86,model.16.cv2.conv,96,64,1x1,0.1,6,0.7760911174721754,0.7383287785573668,0.037762338914808624,0.6232067576989172,0.6191720849152534,0.004034672783663762
46,86,model.16.m.0.cv1.conv,32,16,3x3,0.1,2,0.7760911174721754,0.760141349285117,0.0159497681870584,0.6232067576989172,0.6146444798927679,0.008562277806149265
47,86,model.16.m.0.cv2.conv,16,32,3x3,0.1,3,0.7760911174721754,0.7880024578240117,-0.011911340351836275,0.6232067576989172,0.6309541960831996,-0.007747438384282379
48,86,model.17.conv,64,64,3x3,0.1,6,0.7760911174721754,0.790027258510991,-0.013936141038815575,0.6232067576989172,0.6324994858870459,-0.009292728188128652
49,86,model.19.cv1.conv,192,128,1x1,0.1,13,0.7760911174721754,0.7826867471566408,-0.006595629684465365,0.6232067576989172,0.6171253207038966,0.006081436995020617
50,86,model.19.cv2.conv,192,128,1x1,0.1,13,0.7760911174721754,0.7764674810403733,-0.0003763635681979238,0.6232067576989172,0.6211760022052514,0.0020307554936658256
51,86,model.19.m.0.cv1.conv,64,32,3x3,0.1,3,0.7760911174721754,0.7805970028546266,-0.004505885382451225,0.6232067576989172,0.6182671512625497,0.004939606436367483
52,86,model.19.m.0.cv2.conv,32,64,3x3,0.1,6,0.7760911174721754,0.7571885410459618,0.018902576426213624,0.6232067576989172,0.5985300746343232,0.02467668306459403
53,86,model.20.conv,128,128,3x3,0.1,13,0.7760911174721754,0.7786481361528199,-0.002557018680644507,0.6232067576989172,0.6175650930912109,0.00564166460770632
54,86,model.22.cv1.conv,384,256,1x1,0.1,26,0.7760911174721754,0.7764305854993351,-0.00033946802715967284,0.6232067576989172,0.5816701343396575,0.04153662335925967
55,86,model.22.cv2.conv,384,256,1x1,0.1,26,0.7760911174721754,0.7805654748090098,-0.004474357336834434,0.6232067576989172,0.5945294171503929,0.028677340548524333
56,86,model.22.m.0.cv1.conv,128,64,1x1,0.1,6,0.7760911174721754,0.7767090023778895,-0.0006178849057141278,0.6232067576989172,0.6076241884773763,0.015582569221540887
57,86,model.22.m.0.cv2.conv,128,64,1x1,0.1,6,0.7760911174721754,0.7761002570579346,-9.139585759210256e-06,0.6232067576989172,0.6231987809998991,7.976699018086286e-06
58,86,model.22.m.0.cv3.conv,128,128,1x1,0.1,13,0.7760911174721754,0.776647717628635,-0.0005566001564596412,0.6232067576989172,0.6165706144905968,0.0066361432083204
59,86,model.22.m.0.m.0.cv1.conv,64,64,3x3,0.1,6,0.7760911174721754,0.766817801793761,0.009273315678414384,0.6232067576989172,0.6000434495153508,0.023163308183566378
60,86,model.22.m.0.m.0.cv2.conv,64,64,3x3,0.1,6,0.7760911174721754,0.7722968200672865,0.003794297404888902,0.6232067576989172,0.6000049522325746,0.02320180546634265
61,86,model.22.m.0.m.1.cv1.conv,64,64,3x3,0.1,6,0.7760911174721754,0.7674692157964854,0.008621901675689991,0.6232067576989172,0.6107110605795439,0.012495697119373261
62,86,model.22.m.0.m.1.cv2.conv,64,64,3x3,0.1,6,0.7760911174721754,0.7861515192608552,-0.01006040178867984,0.6232067576989172,0.6110165975613345,0.012190160137582673
63,86,model.23.cv2.0.0.conv,64,64,3x3,0.1,6,0.7760911174721754,0.7751010222393372,0.0009900952328382173,0.6232067576989172,0.623773560862813,-0.0005668031638957904
64,86,model.23.cv2.0.1.conv,64,64,3x3,0.1,6,0.7760911174721754,0.7760770819383145,1.4035533860923266e-05,0.6232067576989172,0.6164808111698684,0.006725946529048787
65,86,model.23.cv2.0.2,64,64,1x1,0.1,6,0.7760911174721754,0.7761076256591157,-1.6508186940322744e-05,0.6232067576989172,0.6232084506087023,-1.6929097851337005e-06
66,86,model.23.cv2.1.0.conv,128,64,3x3,0.1,6,0.7760911174721754,0.7753289026895761,0.000762214782599302,0.6232067576989172,0.6224166703608472,0.0007900873380699558
67,86,model.23.cv2.1.1.conv,64,64,3x3,0.1,6,0.7760911174721754,0.7734195420241403,0.0026715754480350906,0.6232067576989172,0.6218271565850734,0.0013796011138438313
68,86,model.23.cv2.1.2,64,64,1x1,0.1,6,0.7760911174721754,0.7756572558418208,0.0004338616303546372,0.6232067576989172,0.6231504654914715,5.6292207445740594e-05
69,86,model.23.cv2.2.0.conv,256,64,3x3,0.1,6,0.7760911174721754,0.7761121258755368,-2.1008403361388872e-05,0.6232067576989172,0.617706848073301,0.005499909625616195
70,86,model.23.cv2.2.1.conv,64,64,3x3,0.1,6,0.7760911174721754,0.7750592868608479,0.0010318306113275,0.6232067576989172,0.6018878872048469,0.02131887049407033
71,86,model.23.cv2.2.2,64,64,1x1,0.1,6,0.7760911174721754,0.7750598674721754,0.001031250000000039,0.6232067576989172,0.6180754068924655,0.005131350806451662
72,86,model.23.cv3.0.0.0.conv,64,64,3x3,0.1,6,0.7760911174721754,0.7776376624849131,-0.0015465450127376545,0.6232067576989172,0.6253259122246801,-0.002119154525762945
73,86,model.23.cv3.0.0.1.conv,64,80,1x1,0.1,8,0.7760911174721754,0.7700920795057336,0.005999037966441856,0.6232067576989172,0.6288865323939082,-0.0056797746949910355
74,86,model.23.cv3.0.1.0.conv,80,80,3x3,0.1,8,0.7760911174721754,0.7407493097411031,0.03534180773107232,0.6232067576989172,0.6157574870183808,0.007449270680536357
75,86,model.23.cv3.0.1.1.conv,80,80,1x1,0.1,8,0.7760911174721754,0.7535012468668743,0.022589870605301154,0.6232067576989172,0.6218198439086678,0.0013869137902493556
76,86,model.23.cv3.0.2,80,80,1x1,0.1,8,0.7760911174721754,0.5208333333333334,0.25525778413884204,0.6232067576989172,0.46251266559829063,0.16069409210062657
77,86,model.23.cv3.1.0.0.conv,128,128,3x3,0.1,13,0.7760911174721754,0.7750316789979887,0.001059438474186658,0.6232067576989172,0.6224344287859576,0.0007723289129596411
78,86,model.23.cv3.1.0.1.conv,128,80,1x1,0.1,8,0.7760911174721754,0.7330523557476918,0.04303876172448362,0.6232067576989172,0.5861585608495365,0.037048196849380655
79,86,model.23.cv3.1.1.0.conv,80,80,3x3,0.1,8,0.7760911174721754,0.7659635366545221,0.010127580817653303,0.6232067576989172,0.6112486606711779,0.011958097027739312
80,86,model.23.cv3.1.1.1.conv,80,80,1x1,0.1,8,0.7760911174721754,0.7538889107197336,0.022202206752441778,0.6232067576989172,0.6085823416704321,0.014624416028485077
81,86,model.23.cv3.1.2,80,80,1x1,0.1,8,0.7760911174721754,0.5208333333333334,0.25525778413884204,0.6232067576989172,0.46251266559829063,0.16069409210062657
82,86,model.23.cv3.2.0.0.conv,256,256,3x3,0.1,26,0.7760911174721754,0.7902416218798358,-0.014150504407660414,0.6232067576989172,0.6363928046932389,-0.013186046994321687
83,86,model.23.cv3.2.0.1.conv,256,80,1x1,0.1,8,0.7760911174721754,0.7905210939495688,-0.014429976477393414,0.6232067576989172,0.6350747255852874,-0.011867967886370234
84,86,model.23.cv3.2.1.0.conv,80,80,3x3,0.1,8,0.7760911174721754,0.7751305361643277,0.0009605813078477077,0.6232067576989172,0.6154665445029165,0.0077402131960007114
85,86,model.23.cv3.2.1.1.conv,80,80,1x1,0.1,8,0.7760911174721754,0.7760092031238888,8.191434828663802e-05,0.6232067576989172,0.6199724075097691,0.003234350189148083
86,86,model.23.cv3.2.2,80,80,1x1,0.1,8,0.7760911174721754,0.5125833333333334,0.263507784138842,0.6232067576989172,0.4542501655982906,0.16895659210062658
